Image,Model,Condition,Precision,Recall,F1_Score,Dice,Panoptic Quality
X98655X5-x7936_y19200_w256_h256-img.tif,DeepCell,baseline,0.872545605528917,0.5394220418978223,0.6666871341438454,0.6666871341438454,0.02197049947136682
X98655X5-x7936_y19200_w256_h256-img.tif,DeepCell,laplacian,0.8952070654289871,0.7234743727746957,0.8002307988203616,0.8002307988203616,0.046835829511664234
X98655X5-x7936_y19200_w256_h256-img.tif,DeepCell,unsharp,0.8787459202848383,0.5885567607849631,0.7049559154608297,0.7049559154608297,0.02582088118760322
X98655X5-x9728_y17664_w256_h256-img.tif,DeepCell,baseline,0.8943236714975845,0.4828665514655538,0.6271304863331286,0.6271304863331286,0.0
X98655X5-x9728_y17664_w256_h256-img.tif,DeepCell,laplacian,0.9079575718615116,0.6446969449969027,0.7540086560277603,0.7540086560277603,0.0
X98655X5-x9728_y17664_w256_h256-img.tif,DeepCell,unsharp,0.8966379310344827,0.5086726875550194,0.6491023694119116,0.6491023694119116,0.004939190322980732
X98655X5-x14848_y15872_w256_h256-img.tif,DeepCell,baseline,0.8585685483870967,0.4241393048039574,0.5677873825026111,0.5677873825026111,0.016619517933956322
X98655X5-x14848_y15872_w256_h256-img.tif,DeepCell,laplacian,0.8767758032486379,0.5716609674313602,0.6920819935691318,0.6920819935691318,0.02229999310253957
X98655X5-x14848_y15872_w256_h256-img.tif,DeepCell,unsharp,0.8625976754875566,0.43612429866206304,0.5793384785005513,0.5793384785005513,0.015815306980994166
X98655X5-x12288_y17408_w256_h256-img.tif,DeepCell,baseline,0.8980456922653455,0.5326606912540204,0.668695750197272,0.668695750197272,0.012844302236601603
X98655X5-x12288_y17408_w256_h256-img.tif,DeepCell,laplacian,0.9146978968270049,0.7370328647695548,0.816310293386375,0.816310293386375,0.039095564511374234
X98655X5-x12288_y17408_w256_h256-img.tif,DeepCell,unsharp,0.9047430732346325,0.5976228959527191,0.7197915642513028,0.7197915642513028,0.044008604642368915
X98655X5-x12288_y17920_w256_h256-img.tif,DeepCell,baseline,0.8834547662416515,0.4783988163734999,0.6206889196971312,0.6206889196971312,0.012272252992894618
X98655X5-x12288_y17920_w256_h256-img.tif,DeepCell,laplacian,0.8995607160989824,0.6699161597895775,0.7679377373246271,0.7679377373246271,0.026666859265624804
X98655X5-x12288_y17920_w256_h256-img.tif,DeepCell,unsharp,0.8901715039577837,0.5324346539536413,0.6663237805254387,0.6663237805254387,0.018588784140538894
X98655X5-x8704_y17408_w256_h256-img.tif,DeepCell,baseline,0.8874933190807055,0.48922971159197304,0.6307559194698856,0.6307559194698856,0.011812843809418709
X98655X5-x8704_y17408_w256_h256-img.tif,DeepCell,laplacian,0.901346446551926,0.6300455036501129,0.7416641778822533,0.7416641778822533,0.012807792764824672
X98655X5-x8704_y17408_w256_h256-img.tif,DeepCell,unsharp,0.8888660339102583,0.4951222705994042,0.6359842312746387,0.6359842312746387,0.01152765930597707
X98655X5-x10752_y17664_w256_h256-img.tif,DeepCell,baseline,0.8755640292341913,0.4547765234039744,0.5986226074865846,0.5986226074865846,0.0
X98655X5-x10752_y17664_w256_h256-img.tif,DeepCell,laplacian,0.8894161633592177,0.6124975242622301,0.7254281022753929,0.7254281022753929,0.012129164033663199
X98655X5-x10752_y17664_w256_h256-img.tif,DeepCell,unsharp,0.8831854850285649,0.5077573116788803,0.644805650747739,0.644805650747739,0.011352472329400953
X98655X5-x12288_y14080_w256_h256-img.tif,DeepCell,baseline,0.892186661898802,0.49042572359907616,0.6329341380658936,0.6329341380658936,0.005111898593794675
X98655X5-x12288_y14080_w256_h256-img.tif,DeepCell,laplacian,0.9080994813140045,0.6710675031532048,0.7717943162872187,0.7717943162872187,0.005692605223142448
X98655X5-x12288_y14080_w256_h256-img.tif,DeepCell,unsharp,0.8965649798182268,0.5348490556765877,0.6700045143021299,0.6700045143021299,0.004918662738567952
X98655X5-x7936_y18944_w256_h256-img.tif,DeepCell,baseline,0.8717668068437122,0.49938125959047636,0.6350065565171781,0.6350065565171781,0.0
X98655X5-x7936_y18944_w256_h256-img.tif,DeepCell,laplacian,0.8974358974358975,0.7016516243998218,0.7875583376546411,0.7875583376546411,0.0
X98655X5-x7936_y18944_w256_h256-img.tif,DeepCell,unsharp,0.8779857800974622,0.5440130677974492,0.6717807660961695,0.6717807660961695,0.004664425105485232
X98655X5-x9216_y18176_w256_h256-img.tif,DeepCell,baseline,0.8803271334414576,0.41992033184092703,0.5686106250905484,0.5686106250905484,0.0
X98655X5-x9216_y18176_w256_h256-img.tif,DeepCell,laplacian,0.894654642551262,0.5846062681063998,0.7071378795420608,0.7071378795420608,0.005776256144444657
X98655X5-x9216_y18176_w256_h256-img.tif,DeepCell,unsharp,0.8825069493826362,0.4494173031340532,0.5955502235794525,0.5955502235794525,0.0
X98655X5-x14848_y15616_w256_h256-img.tif,DeepCell,baseline,0.8705567194422502,0.4188436689304185,0.5655763309384623,0.5655763309384623,0.016779021699691154
X98655X5-x14848_y15616_w256_h256-img.tif,DeepCell,laplacian,0.887121650279545,0.6082717824154398,0.7216977895407538,0.7216977895407538,0.027879667494869993
X98655X5-x14848_y15616_w256_h256-img.tif,DeepCell,unsharp,0.8751736840404563,0.4475288752292668,0.5922200599129731,0.5922200599129731,0.011466838921960359
X98655X5-x10496_y15360_w256_h256-img.tif,DeepCell,baseline,0.8528987427494626,0.48564866042986954,0.618893482464293,0.618893482464293,0.0043859649122807015
X98655X5-x10496_y15360_w256_h256-img.tif,DeepCell,laplacian,0.8734712765254181,0.664570968715421,0.7548344711359936,0.7548344711359936,0.013299948548708165
X98655X5-x10496_y15360_w256_h256-img.tif,DeepCell,unsharp,0.8558361887918647,0.5192468899842404,0.646346808022205,0.646346808022205,0.010179529369958737
X98655X5-x8192_y18944_w256_h256-img.tif,DeepCell,baseline,0.8744572633668279,0.46529588435261887,0.6073975140561384,0.6073975140561384,0.0
X98655X5-x8192_y18944_w256_h256-img.tif,DeepCell,laplacian,0.8917548049584897,0.6469850490115185,0.7499019729732315,0.7499019729732315,0.0
X98655X5-x8192_y18944_w256_h256-img.tif,DeepCell,unsharp,0.8774683693981318,0.4898346480081851,0.628703958655455,0.628703958655455,0.005961657390228818
X98655X5-x12032_y17408_w256_h256-img.tif,DeepCell,baseline,0.8978886623587546,0.422971741112124,0.5750517311969547,0.5750517311969547,0.007547488035755698
X98655X5-x12032_y17408_w256_h256-img.tif,DeepCell,laplacian,0.908149641012722,0.5868114337804402,0.7129451086257874,0.7129451086257874,0.01676448750182268
X98655X5-x12032_y17408_w256_h256-img.tif,DeepCell,unsharp,0.90200544062757,0.46418804531840085,0.6129441351589536,0.6129441351589536,0.0
X98655X5-x9216_y15872_w256_h256-img.tif,DeepCell,baseline,0.8818150928242672,0.46820619638844696,0.6116515255399383,0.6116515255399383,0.015482704777110137
X98655X5-x9216_y15872_w256_h256-img.tif,DeepCell,laplacian,0.9005113688247649,0.6469633104262682,0.7529658792650918,0.7529658792650918,0.011024421440282836
X98655X5-x9216_y15872_w256_h256-img.tif,DeepCell,unsharp,0.8853983641320812,0.4793590395433895,0.621976782541152,0.621976782541152,0.015713065531906215
X98655X5-x8960_y17408_w256_h256-img.tif,DeepCell,baseline,0.8846478065886637,0.4283288708940116,0.5771925771925772,0.5771925771925772,0.0
X98655X5-x8960_y17408_w256_h256-img.tif,DeepCell,laplacian,0.8984221951606925,0.5540553777835826,0.6854159513663078,0.6854159513663078,0.0
X98655X5-x8960_y17408_w256_h256-img.tif,DeepCell,unsharp,0.8857696359990483,0.4254881473258016,0.5748442238764819,0.5748442238764819,0.0
X98655X5-x9728_y18176_w256_h256-img.tif,DeepCell,baseline,0.8864738986997865,0.44774071290881173,0.5949724308600703,0.5949724308600703,0.0
X98655X5-x9728_y18176_w256_h256-img.tif,DeepCell,laplacian,0.9044910179640718,0.6415689221419937,0.7506737771661219,0.7506737771661219,0.0064498790647675355
X98655X5-x9728_y18176_w256_h256-img.tif,DeepCell,unsharp,0.8915870877028531,0.49722285751625445,0.6384134575048243,0.6384134575048243,0.010847221659491646
X98655X5-x9984_y16384_w256_h256-img.tif,DeepCell,baseline,0.8974869606448553,0.46036353023203025,0.6085651819779655,0.6085651819779655,0.0
X98655X5-x9984_y16384_w256_h256-img.tif,DeepCell,laplacian,0.9122205134271856,0.6251520114150438,0.7418845850410822,0.7418845850410822,0.01964220447893424
X98655X5-x9984_y16384_w256_h256-img.tif,DeepCell,unsharp,0.9011291900062239,0.49300342127024793,0.637327855450982,0.637327855450982,0.005992005049442458
X98655X5-x7680_y18688_w256_h256-img.tif,DeepCell,baseline,0.9059275683665927,0.4977017654988712,0.642451307210097,0.642451307210097,0.00556575384950671
X98655X5-x7680_y18688_w256_h256-img.tif,DeepCell,laplacian,0.9173801179967174,0.6717828777469181,0.775603581641742,0.775603581641742,0.0
X98655X5-x7680_y18688_w256_h256-img.tif,DeepCell,unsharp,0.9102301580801049,0.5414900355698484,0.6790296957106196,0.6790296957106196,0.005614189157401164
X98655X5-x17152_y13568_w256_h256-img.tif,DeepCell,baseline,0.8932121141253508,0.49928918084219814,0.6405324668518422,0.6405324668518422,0.0
X98655X5-x17152_y13568_w256_h256-img.tif,DeepCell,laplacian,0.9129008670218323,0.714021929179535,0.801305679338358,0.801305679338358,0.017970373943318792
X98655X5-x17152_y13568_w256_h256-img.tif,DeepCell,unsharp,0.8989106055751361,0.5501250061277514,0.682541130675425,0.682541130675425,0.0051279103190572
Z99998Z8-x10496_y8192_w256_h256-img.tif,DeepCell,baseline,0.8476834909894359,0.8694451329627138,0.8584264163476497,0.8584264163476497,0.0026998091514220546
Z99998Z8-x10496_y8192_w256_h256-img.tif,DeepCell,laplacian,0.8613603650506845,0.9959279062356149,0.923769172660689,0.923769172660689,0.0036764360196703426
Z99998Z8-x10496_y8192_w256_h256-img.tif,DeepCell,unsharp,0.8547045951859956,0.933589462129528,0.8924071519838885,0.8924071519838885,0.008332795216189844
X98655X5-x9216_y16640_w256_h256-img.tif,DeepCell,baseline,0.8447747267395361,0.42669584245076586,0.5669999328994162,0.5669999328994162,0.005786135529097585
X98655X5-x9216_y16640_w256_h256-img.tif,DeepCell,laplacian,0.866109517275789,0.5843797340515064,0.6978843157947635,0.6978843157947635,0.006524957777496708
X98655X5-x9216_y16640_w256_h256-img.tif,DeepCell,unsharp,0.8509164336750543,0.46105032822757114,0.598056768558952,0.598056768558952,0.005823466602528361
X98655X5-x13312_y9216_w256_h256-img.tif,DeepCell,baseline,0.860064654482604,0.44642145135566186,0.5877617979985782,0.5877617979985782,0.0
X98655X5-x13312_y9216_w256_h256-img.tif,DeepCell,laplacian,0.8743632844335778,0.5703581871345029,0.6903756435006435,0.6903756435006435,0.0
X98655X5-x13312_y9216_w256_h256-img.tif,DeepCell,unsharp,0.8604724608388075,0.45265151515151514,0.5932328862567497,0.5932328862567497,0.0
X98655X5-x10240_y15360_w256_h256-img.tif,DeepCell,baseline,0.8667227597812368,0.516902233001589,0.6475901089689857,0.6475901089689857,0.004310804429618121
X98655X5-x10240_y15360_w256_h256-img.tif,DeepCell,laplacian,0.8826939178599799,0.6877143096094338,0.7730999210259111,0.7730999210259111,0.009258494220900236
X98655X5-x10240_y15360_w256_h256-img.tif,DeepCell,unsharp,0.8686639720340834,0.5320230827130551,0.6598894202342299,0.6598894202342299,0.008693010302774832
X98655X5-x9984_y16896_w256_h256-img.tif,DeepCell,baseline,0.885458870272107,0.5595566494325972,0.6857565083606624,0.6857565083606624,0.009937771543057482
X98655X5-x9984_y16896_w256_h256-img.tif,DeepCell,laplacian,0.905251706062704,0.7559589685987546,0.8238968801195384,0.8238968801195384,0.019062091577534877
X98655X5-x9984_y16896_w256_h256-img.tif,DeepCell,unsharp,0.891309575337854,0.6122664728522109,0.7258947368421053,0.7258947368421053,0.005730554970475658
X98655X5-x12800_y9728_w256_h256-img.tif,DeepCell,baseline,0.8742767787333855,0.4610373546631483,0.6037145016736853,0.6037145016736853,0.009821775733049109
X98655X5-x12800_y9728_w256_h256-img.tif,DeepCell,laplacian,0.8920244263508512,0.6360023088975014,0.742565011023713,0.742565011023713,0.0055197599009381496
X98655X5-x12800_y9728_w256_h256-img.tif,DeepCell,unsharp,0.8770588058173496,0.4803826173002391,0.6207616733797924,0.6207616733797924,0.009331516644441575
X98655X5-x8960_y18432_w256_h256-img.tif,DeepCell,baseline,0.8808559201141227,0.5071621000065707,0.6437045222358901,0.6437045222358901,0.006174126586970623
X98655X5-x8960_y18432_w256_h256-img.tif,DeepCell,laplacian,0.906729466938891,0.7368256784282804,0.8129956046943677,0.8129956046943677,0.01252735442328962
X98655X5-x8960_y18432_w256_h256-img.tif,DeepCell,unsharp,0.8892718655751831,0.5763847821801695,0.6994308951192529,0.6994308951192529,0.00636256171337181
X98655X5-x8960_y17664_w256_h256-img.tif,DeepCell,baseline,0.8908901070216654,0.44572865141942963,0.5941787715575867,0.5941787715575867,0.004582941150105329
X98655X5-x8960_y17664_w256_h256-img.tif,DeepCell,laplacian,0.8989590670736479,0.5625153043733777,0.6920110856729726,0.6920110856729726,0.01723817595156175
X98655X5-x8960_y17664_w256_h256-img.tif,DeepCell,unsharp,0.8918735673005521,0.4509525441990303,0.5990241786837255,0.5990241786837255,0.004427017455097394
X98655X5-x9472_y16896_w256_h256-img.tif,DeepCell,baseline,0.8557130942452044,0.47927927927927927,0.6144238172640945,0.6144238172640945,0.00426822573561704
X98655X5-x9472_y16896_w256_h256-img.tif,DeepCell,laplacian,0.8824729866168288,0.685352018685352,0.7715205979848062,0.7715205979848062,0.004608671082786551
X98655X5-x9472_y16896_w256_h256-img.tif,DeepCell,unsharp,0.8630348717392483,0.530980980980981,0.6574603895969757,0.6574603895969757,0.0
X98655X5-x10731_y17602_w256_h256-img.tif,DeepCell,baseline,0.8413646621531926,0.4220901386877112,0.5621597649537114,0.5621597649537114,0.011491122026860904
X98655X5-x10731_y17602_w256_h256-img.tif,DeepCell,laplacian,0.8682471336304011,0.5774436841316618,0.6935975762181403,0.6935975762181403,0.012185326811077934
X98655X5-x10731_y17602_w256_h256-img.tif,DeepCell,unsharp,0.8484688325819991,0.45437290844613154,0.5918159344233855,0.5918159344233855,0.019180251023026017
Z99997Z8-x20224_y17408_w256_h256-img.tif,DeepCell,baseline,0.7751046608986882,0.5058559953370613,0.6121832670200924,0.6121832670200924,0.006756931413627205
Z99997Z8-x20224_y17408_w256_h256-img.tif,DeepCell,laplacian,0.813691665153441,0.816196426294603,0.8149421211046549,0.8149421211046549,0.0056465901750284535
Z99997Z8-x20224_y17408_w256_h256-img.tif,DeepCell,unsharp,0.7862946385131848,0.588750660279412,0.6733327083919216,0.6733327083919216,0.007469863772592513
X98655X5-x13515_y8897_w256_h256-img.tif,DeepCell,baseline,0.8604019027278905,0.4389434585224928,0.5813200988215745,0.5813200988215745,0.004206450566603823
X98655X5-x13515_y8897_w256_h256-img.tif,DeepCell,laplacian,0.8808098018090251,0.580338423442014,0.6996795573512729,0.6996795573512729,0.004588293650793651
X98655X5-x13515_y8897_w256_h256-img.tif,DeepCell,unsharp,0.8645951324047145,0.466231943871234,0.6057915057915058,0.6057915057915058,0.0
X98655X5-x11776_y14592_w256_h256-img.tif,DeepCell,baseline,0.8848180521976319,0.467921188079861,0.6121284899429601,0.6121284899429601,0.005184243964421856
X98655X5-x11776_y14592_w256_h256-img.tif,DeepCell,laplacian,0.904445933386647,0.6859325312264367,0.7801776775143792,0.7801776775143792,0.020555343062486773
X98655X5-x11776_y14592_w256_h256-img.tif,DeepCell,unsharp,0.8895544844111337,0.5233419663639642,0.6589884103739022,0.6589884103739022,0.011358412217920985
X98655X5-x10752_y15872_w256_h256-img.tif,DeepCell,baseline,0.8694618272841051,0.45820760161596175,0.6001403811889207,0.6001403811889207,0.011543577036870662
X98655X5-x10752_y15872_w256_h256-img.tif,DeepCell,laplacian,0.889849012775842,0.6316761480748619,0.738859154250446,0.738859154250446,0.0
X98655X5-x10752_y15872_w256_h256-img.tif,DeepCell,unsharp,0.8717848440179297,0.47784648363426496,0.6173231365698826,0.6173231365698826,0.013503483002542104
X98655X5-x10752_y17920_w256_h256-img.tif,DeepCell,baseline,0.8898027314112291,0.480899503009825,0.6243598070636839,0.6243598070636839,0.011674429569048569
X98655X5-x10752_y17920_w256_h256-img.tif,DeepCell,laplacian,0.8994801523608749,0.6158577591155872,0.7311264725927369,0.7311264725927369,0.03274601468882948
X98655X5-x10752_y17920_w256_h256-img.tif,DeepCell,unsharp,0.8931191750941899,0.5171322190693326,0.65500477832717,0.65500477832717,0.016584637191560118
X98655X5-x8704_y17920_w256_h256-img.tif,DeepCell,baseline,0.8762278978388998,0.5181656735987784,0.6512239129754591,0.6512239129754591,0.014846138230497147
X98655X5-x8704_y17920_w256_h256-img.tif,DeepCell,laplacian,0.8939670535054549,0.6827272576388773,0.7741965840116689,0.7741965840116689,0.016402070286849597
X98655X5-x8704_y17920_w256_h256-img.tif,DeepCell,unsharp,0.8771602937999567,0.5391279812783191,0.6678042412343369,0.6678042412343369,0.020034184339176555
X98655X5-x7936_y19456_w256_h256-img.tif,DeepCell,baseline,0.8810039313999203,0.5079414614917136,0.6443715163827681,0.6443715163827681,0.0
X98655X5-x7936_y19456_w256_h256-img.tif,DeepCell,laplacian,0.9023762965482061,0.6973210912734261,0.7867063216314126,0.7867063216314126,0.011937221812555708
X98655X5-x7936_y19456_w256_h256-img.tif,DeepCell,unsharp,0.8864770263563462,0.5574133994711167,0.6844482988120929,0.6844482988120929,0.0
X98655X5-x10496_y16896_w256_h256-img.tif,DeepCell,baseline,0.8862973760932945,0.4790623614964133,0.6219484906283632,0.6219484906283632,0.005196082815364665
X98655X5-x10496_y16896_w256_h256-img.tif,DeepCell,laplacian,0.8995498752244794,0.6331358032797649,0.7431885621796601,0.7431885621796601,0.0
X98655X5-x10496_y16896_w256_h256-img.tif,DeepCell,unsharp,0.8889785798714216,0.5061803378256373,0.6450641173148128,0.6450641173148128,0.0
X98655X5-x8704_y17664_w256_h256-img.tif,DeepCell,baseline,0.8520535744870346,0.41404910528506034,0.5572881659721288,0.5572881659721288,0.0
X98655X5-x8704_y17664_w256_h256-img.tif,DeepCell,laplacian,0.878848776286514,0.6114856429463171,0.7211849932269274,0.7211849932269274,0.005171734536728628
X98655X5-x8704_y17664_w256_h256-img.tif,DeepCell,unsharp,0.8567661435554412,0.4434789846025801,0.5844402277039848,0.5844402277039848,0.0
Z99997Z8-x21504_y14848_w256_h256-img.tif,DeepCell,baseline,0.775358844928231,0.5004550418638515,0.608289731308282,0.608289731308282,0.0018502288440938746
Z99997Z8-x21504_y14848_w256_h256-img.tif,DeepCell,laplacian,0.8053799056509083,0.7302511831088461,0.7659777576249344,0.7659777576249344,0.00186328170490276
Z99997Z8-x21504_y14848_w256_h256-img.tif,DeepCell,unsharp,0.7793926307338814,0.5124499453949763,0.6183411484356983,0.6183411484356983,0.0019885739397934523
X98655X5-x10496_y14592_w256_h256-img.tif,DeepCell,baseline,0.8557251908396947,0.4476315658120227,0.587789344898026,0.587789344898026,0.004357750570657812
X98655X5-x10496_y14592_w256_h256-img.tif,DeepCell,laplacian,0.8772815626037074,0.6157596126649252,0.7236164201429284,0.7236164201429284,0.009730813236078608
X98655X5-x10496_y14592_w256_h256-img.tif,DeepCell,unsharp,0.85931581977396,0.47185664609087735,0.6091981182737954,0.6091981182737954,0.004052940997023485
X98655X5-x11008_y15104_w256_h256-img.tif,DeepCell,baseline,0.8746667523206887,0.44802566633761104,0.5925385962812659,0.5925385962812659,0.009759092176301155
X98655X5-x11008_y15104_w256_h256-img.tif,DeepCell,laplacian,0.8939785563852192,0.6145771635406384,0.7284037284037284,0.7284037284037284,0.004445220902243963
X98655X5-x11008_y15104_w256_h256-img.tif,DeepCell,unsharp,0.8793176713409823,0.4766370516617308,0.6181849220067004,0.6181849220067004,0.00850597720621606
X98655X5-x16086_y11228_w256_h256-img.tif,DeepCell,baseline,0.8576795305659909,0.4566040230739988,0.5959443425736166,0.5959443425736166,0.013672556162275496
X98655X5-x16086_y11228_w256_h256-img.tif,DeepCell,laplacian,0.8814299424184261,0.6072296325680567,0.7190769321106664,0.7190769321106664,0.014918925818338938
X98655X5-x16086_y11228_w256_h256-img.tif,DeepCell,unsharp,0.8662972639315553,0.4987355580899489,0.6330298325850712,0.6330298325850712,0.018190192287660202
X98655X5-x9472_y17920_w256_h256-img.tif,DeepCell,baseline,0.8845085537529196,0.4596270235693549,0.6049152194795523,0.6049152194795523,0.010734697048531411
X98655X5-x9472_y17920_w256_h256-img.tif,DeepCell,laplacian,0.9001178411501296,0.626416703570667,0.7387305486513409,0.7387305486513409,0.010480730866420452
X98655X5-x9472_y17920_w256_h256-img.tif,DeepCell,unsharp,0.8875589408777657,0.48162180780396596,0.6244138942936429,0.6244138942936429,0.010204972280269065
X98655X5-x8960_y17920_w256_h256-img.tif,DeepCell,baseline,0.8734091568128363,0.4456353772809469,0.5901575103138232,0.5901575103138232,0.0044113626006380075
X98655X5-x8960_y17920_w256_h256-img.tif,DeepCell,laplacian,0.891729943475413,0.6042742068058524,0.7203849055864224,0.7203849055864224,0.016068327035146497
X98655X5-x8960_y17920_w256_h256-img.tif,DeepCell,unsharp,0.8760066906207409,0.46491862567811937,0.607448933565307,0.607448933565307,0.00964271950881521
X98655X5-x13568_y11008_w256_h256-img.tif,DeepCell,baseline,0.8672300580077147,0.4887487553932957,0.625168486855372,0.625168486855372,0.01050566818270189
X98655X5-x13568_y11008_w256_h256-img.tif,DeepCell,laplacian,0.8803313023610053,0.6138068370394956,0.7232977433611013,0.7232977433611013,0.005076483965044782
X98655X5-x13568_y11008_w256_h256-img.tif,DeepCell,unsharp,0.8683256474955771,0.4968304015930966,0.6320311592902607,0.6320311592902607,0.010052248427215712
X98655X5-x10752_y15616_w256_h256-img.tif,DeepCell,baseline,0.8567641710076134,0.4638464747601168,0.6018534557422484,0.6018534557422484,0.004518535609906168
X98655X5-x10752_y15616_w256_h256-img.tif,DeepCell,laplacian,0.8767631081994731,0.6275677930746767,0.7315256083565135,0.7315256083565135,0.007897532758824223
X98655X5-x10752_y15616_w256_h256-img.tif,DeepCell,unsharp,0.8604333630157317,0.48373800584063414,0.6193024622122523,0.6193024622122523,0.004413021229448935
X98655X5-x13312_y9472_w256_h256-img.tif,DeepCell,baseline,0.8409546789150847,0.4877588183718891,0.6174138538209526,0.6174138538209526,0.02119194750906491
X98655X5-x13312_y9472_w256_h256-img.tif,DeepCell,laplacian,0.8663178984861977,0.6561509408511499,0.7467283263614384,0.7467283263614384,0.003507215996129969
X98655X5-x13312_y9472_w256_h256-img.tif,DeepCell,unsharp,0.8455464745809669,0.5146017400687934,0.639812165235894,0.639812165235894,0.022951059721614608
ZU511-x14328_y5880_w256_h256-img.tif,DeepCell,baseline,0.9087303758000109,0.5342498794018331,0.6728977640959171,0.6728977640959171,0.01960298861231393
ZU511-x14328_y5880_w256_h256-img.tif,DeepCell,laplacian,0.9149861404267223,0.5785496060459882,0.7088747254046279,0.7088747254046279,0.022319301638543974
ZU511-x14328_y5880_w256_h256-img.tif,DeepCell,unsharp,0.9064711830131446,0.5189580318379161,0.6600404932817965,0.6600404932817965,0.019884985514527095
Z99999Z8-x7936_y14080_w256_h256-img.tif,DeepCell,baseline,0.7832757547797352,0.6855280949519231,0.7311494126248109,0.7311494126248109,0.005984614223320041
Z99999Z8-x7936_y14080_w256_h256-img.tif,DeepCell,laplacian,0.8104233923909854,0.9853140024038461,0.8893522167696442,0.8893522167696442,0.01142614366445195
Z99999Z8-x7936_y14080_w256_h256-img.tif,DeepCell,unsharp,0.7941957239202181,0.83154296875,0.812440366972477,0.812440366972477,0.007814598501632963
ZU511-x10077_y11316_w256_h256-img.tif,DeepCell,baseline,0.8842979664491073,0.5353492472977827,0.6669378788495179,0.6669378788495179,0.0
ZU511-x10077_y11316_w256_h256-img.tif,DeepCell,laplacian,0.8968948279177081,0.6093132612742057,0.7256499504151516,0.7256499504151516,0.02787424582393326
ZU511-x10077_y11316_w256_h256-img.tif,DeepCell,unsharp,0.881718055593894,0.5215361003167553,0.6554020087614006,0.6554020087614006,0.0
ZU511-x16457_y17527_w256_h256-img.tif,DeepCell,baseline,0.8957811596994799,0.5271511166534406,0.6637168141592921,0.6637168141592921,0.0
ZU511-x16457_y17527_w256_h256-img.tif,DeepCell,laplacian,0.902883506343714,0.570489254538682,0.6991921557730096,0.6991921557730096,0.009918089684853533
ZU511-x16457_y17527_w256_h256-img.tif,DeepCell,unsharp,0.8935907162325437,0.5150371677976258,0.6534478507438153,0.6534478507438153,0.0
Z99999Z8-x12032_y14336_w256_h256-img.tif,DeepCell,baseline,0.8293805585894836,0.763885894948624,0.7952870768655321,0.7952870768655321,0.00793580616082652
Z99999Z8-x12032_y14336_w256_h256-img.tif,DeepCell,laplacian,0.8475624845335313,0.9844075591003808,0.9108739736046009,0.9108739736046009,0.0
Z99999Z8-x12032_y14336_w256_h256-img.tif,DeepCell,unsharp,0.8369006110401491,0.8709671624631745,0.8535941268639636,0.8535941268639636,0.0026264245014245013
Z99999Z8-x11776_y14848_w256_h256-img.tif,DeepCell,baseline,0.8356435643564356,0.7569170662404546,0.7943344360061502,0.7943344360061502,0.006041490935318639
Z99999Z8-x11776_y14848_w256_h256-img.tif,DeepCell,laplacian,0.8561560341324664,0.9728645000887942,0.91078672607568,0.91078672607568,0.006767967723475608
Z99999Z8-x11776_y14848_w256_h256-img.tif,DeepCell,unsharp,0.8452207918050941,0.8674658142425857,0.8561988396347128,0.8561988396347128,0.006090187154599917
Z99998Z8-x11520_y13056_w256_h256-img.tif,DeepCell,baseline,0.8308156560245696,0.8373645754598136,0.8340772609124316,0.8340772609124316,0.0024833913318570073
Z99998Z8-x11520_y13056_w256_h256-img.tif,DeepCell,laplacian,0.8477095330471841,0.998758233452111,0.9170556790296861,0.9170556790296861,0.0
Z99998Z8-x11520_y13056_w256_h256-img.tif,DeepCell,unsharp,0.8381137336918634,0.9087031638052047,0.8719821780126412,0.8719821780126412,0.0023960535588442564
Z99999Z8-x9216_y13312_w256_h256-img.tif,DeepCell,baseline,0.8133147660352666,0.8960774890014418,0.8526925884556864,0.8526925884556864,0.009257371125550522
Z99999Z8-x9216_y13312_w256_h256-img.tif,DeepCell,laplacian,0.8248499326228103,0.9957114865614256,0.9022629436692853,0.9022629436692853,0.007345006261262658
Z99999Z8-x9216_y13312_w256_h256-img.tif,DeepCell,unsharp,0.8187125149940024,0.9462457022440756,0.8778714318787889,0.8778714318787889,0.008780886713675854
Z99999Y8-x13824_y11520_w256_h256-img.tif,DeepCell,baseline,0.8194566396363824,0.5591168593177333,0.6647045268869012,0.6647045268869012,0.014595388162328832
Z99999Y8-x13824_y11520_w256_h256-img.tif,DeepCell,laplacian,0.8462591898515208,0.8275303073019453,0.8367899650773287,0.8367899650773287,0.0027692409371798685
Z99999Y8-x13824_y11520_w256_h256-img.tif,DeepCell,unsharp,0.8225492523142653,0.6106216521003665,0.700916243603487,0.700916243603487,0.0109599788419305
ZU511-x11085_y11187_w256_h256-img.tif,DeepCell,baseline,0.8799232287189468,0.5329153091796139,0.6638048820278565,0.6638048820278565,0.008453215434811137
ZU511-x11085_y11187_w256_h256-img.tif,DeepCell,laplacian,0.8950876036171816,0.6222720649629181,0.7341542324593172,0.7341542324593172,0.016803917360006457
ZU511-x11085_y11187_w256_h256-img.tif,DeepCell,unsharp,0.8774684946683284,0.5186719274406116,0.6519663325993456,0.6519663325993456,0.0
Z99999Y8-x13824_y11008_w256_h256-img.tif,DeepCell,baseline,0.7771707878090857,0.7141347424042273,0.7443205287071458,0.7443205287071458,0.030611893224929167
Z99999Y8-x13824_y11008_w256_h256-img.tif,DeepCell,laplacian,0.7614482316817248,0.9107001321003964,0.8294132508812666,0.8294132508812666,0.020411850620795428
Z99999Y8-x13824_y11008_w256_h256-img.tif,DeepCell,unsharp,0.7708538050005459,0.7461294583883752,0.7582901484842789,0.7582901484842789,0.0295551510922552
Z99999Y8-x14080_y11520_w256_h256-img.tif,DeepCell,baseline,0.8028564873236205,0.5252354684978798,0.6350293764036022,0.6350293764036022,0.012158767865540999
Z99999Y8-x14080_y11520_w256_h256-img.tif,DeepCell,laplacian,0.8215333857633361,0.8035761191789561,0.8124555396420408,0.8124555396420408,0.0026099438862064468
Z99999Y8-x14080_y11520_w256_h256-img.tif,DeepCell,unsharp,0.8026690818038944,0.5653683065030582,0.6634375103204571,0.6634375103204571,0.013668874678901488
